{
    "input_folder": {
        "foreground_mean": {
            "Dice": 0.8088574153744527,
            "FN": 551.4484772800516,
            "FP": 511.7099581050597,
            "IoU": 0.684940408061327,
            "TN": 11216775.3983242,
            "TP": 2161.443240412504,
            "n_pred": 2673.153198517564,
            "n_ref": 2712.8917176925556
        },
        "mean": {
            "1": {
                "Dice": 0.7814612907273665,
                "FN": 510.03093780212697,
                "FP": 569.2241379310345,
                "IoU": 0.6485204276956212,
                "TN": 11217083.766516274,
                "TP": 1836.9784079922656,
                "n_pred": 2406.2025459233,
                "n_ref": 2347.0093457943926
            },
            "10": {
                "Dice": 0.8143419364614056,
                "FN": 438.3200128907509,
                "FP": 347.4779245891073,
                "IoU": 0.6912068134786118,
                "TN": 11217527.727844022,
                "TP": 1686.4742184982276,
                "n_pred": 2033.952143087335,
                "n_ref": 2124.7942313889785
            },
            "11": {
                "Dice": 0.8261531504436382,
                "FN": 401.23235578472446,
                "FP": 310.6677408959072,
                "IoU": 0.7080696702194155,
                "TN": 11217628.299871093,
                "TP": 1659.8000322268772,
                "n_pred": 1970.4677731227844,
                "n_ref": 2061.0323880116016
            },
            "12": {
                "Dice": 0.8361230680576496,
                "FN": 370.96310022558816,
                "FP": 280.76007089912986,
                "IoU": 0.7228368620047316,
                "TN": 11217714.59845311,
                "TP": 1633.6783757653884,
                "n_pred": 1914.438446664518,
                "n_ref": 2004.6414759909765
            },
            "2": {
                "Dice": 0.8075955931221894,
                "FN": 1772.962777956816,
                "FP": 1715.126007089913,
                "IoU": 0.6833799802864433,
                "TN": 11209466.123106671,
                "TP": 7045.788108282308,
                "n_pred": 8760.914115372221,
                "n_ref": 8818.750886239124
            },
            "3": {
                "Dice": 0.8119687080788308,
                "FN": 419.5997421849823,
                "FP": 412.8983242023848,
                "IoU": 0.6904268286400033,
                "TN": 11217452.58233967,
                "TP": 1714.919593941347,
                "n_pred": 2127.8179181437317,
                "n_ref": 2134.5193361263296
            },
            "4": {
                "Dice": 0.7981783265805634,
                "FN": 454.462777956816,
                "FP": 501.5689655172414,
                "IoU": 0.6703298250333473,
                "TN": 11217236.257976152,
                "TP": 1807.7102803738317,
                "n_pred": 2309.279245891073,
                "n_ref": 2262.1730583306476
            },
            "5": {
                "Dice": 0.8013314073287345,
                "FN": 441.9334514985498,
                "FP": 480.77876248791495,
                "IoU": 0.6753256299255509,
                "TN": 11217302.525781501,
                "TP": 1774.7620045117628,
                "n_pred": 2255.5407669996775,
                "n_ref": 2216.6954560103127
            },
            "6": {
                "Dice": 0.8181489381328306,
                "FN": 391.2481469545601,
                "FP": 425.0196583951015,
                "IoU": 0.6987764178467673,
                "TN": 11217429.420077344,
                "TP": 1754.312117305833,
                "n_pred": 2179.3317757009345,
                "n_ref": 2145.560264260393
            },
            "7": {
                "Dice": 0.8218046178555058,
                "FN": 407.638414437641,
                "FP": 315.1329358685143,
                "IoU": 0.7022763614036953,
                "TN": 11217647.397679664,
                "TP": 1629.8309700290042,
                "n_pred": 1944.9639058975185,
                "n_ref": 2037.4693844666451
            },
            "8": {
                "Dice": 0.7964516730088805,
                "FN": 493.9722848855946,
                "FP": 396.347083467612,
                "IoU": 0.666405190236228,
                "TN": 11217408.67048018,
                "TP": 1701.010151466323,
                "n_pred": 2097.3572349339347,
                "n_ref": 2194.9824363519174
            },
            "9": {
                "Dice": 0.7927302746958362,
                "FN": 515.0177247824686,
                "FP": 385.51788591685465,
                "IoU": 0.6617308899655089,
                "TN": 11217407.409764744,
                "TP": 1692.0546245568805,
                "n_pred": 2077.5725104737353,
                "n_ref": 2207.072349339349
            }
        }
    },
    "postprocessed": {
        "foreground_mean": {
            "Dice": 0.8088574153744527,
            "FN": 551.4484772800516,
            "FP": 511.7099581050597,
            "IoU": 0.684940408061327,
            "TN": 11216775.3983242,
            "TP": 2161.443240412504,
            "n_pred": 2673.153198517564,
            "n_ref": 2712.8917176925556
        },
        "mean": {
            "1": {
                "Dice": 0.7814612907273665,
                "FN": 510.03093780212697,
                "FP": 569.2241379310345,
                "IoU": 0.6485204276956212,
                "TN": 11217083.766516274,
                "TP": 1836.9784079922656,
                "n_pred": 2406.2025459233,
                "n_ref": 2347.0093457943926
            },
            "10": {
                "Dice": 0.8143419364614056,
                "FN": 438.3200128907509,
                "FP": 347.4779245891073,
                "IoU": 0.6912068134786118,
                "TN": 11217527.727844022,
                "TP": 1686.4742184982276,
                "n_pred": 2033.952143087335,
                "n_ref": 2124.7942313889785
            },
            "11": {
                "Dice": 0.8261531504436382,
                "FN": 401.23235578472446,
                "FP": 310.6677408959072,
                "IoU": 0.7080696702194155,
                "TN": 11217628.299871093,
                "TP": 1659.8000322268772,
                "n_pred": 1970.4677731227844,
                "n_ref": 2061.0323880116016
            },
            "12": {
                "Dice": 0.8361230680576496,
                "FN": 370.96310022558816,
                "FP": 280.76007089912986,
                "IoU": 0.7228368620047316,
                "TN": 11217714.59845311,
                "TP": 1633.6783757653884,
                "n_pred": 1914.438446664518,
                "n_ref": 2004.6414759909765
            },
            "2": {
                "Dice": 0.8075955931221894,
                "FN": 1772.962777956816,
                "FP": 1715.126007089913,
                "IoU": 0.6833799802864433,
                "TN": 11209466.123106671,
                "TP": 7045.788108282308,
                "n_pred": 8760.914115372221,
                "n_ref": 8818.750886239124
            },
            "3": {
                "Dice": 0.8119687080788308,
                "FN": 419.5997421849823,
                "FP": 412.8983242023848,
                "IoU": 0.6904268286400033,
                "TN": 11217452.58233967,
                "TP": 1714.919593941347,
                "n_pred": 2127.8179181437317,
                "n_ref": 2134.5193361263296
            },
            "4": {
                "Dice": 0.7981783265805634,
                "FN": 454.462777956816,
                "FP": 501.5689655172414,
                "IoU": 0.6703298250333473,
                "TN": 11217236.257976152,
                "TP": 1807.7102803738317,
                "n_pred": 2309.279245891073,
                "n_ref": 2262.1730583306476
            },
            "5": {
                "Dice": 0.8013314073287345,